id,name,host_id,host_name,neighbourhood_group,neighbourhood,latitude,longitude,room_type,price,minimum_nights,number_of_reviews,last_review,reviews_per_month,calculated_host_listings_count,availability_365,number_of_reviews_ltm,license
621960198566758900,The Historic Jesse Buel Farmhouse w/ Heated Pool,382970529,Thomas,,FOURTEENTH WARD,42.66762,-73.79919,Entire home/apt,882,1,15,2025-02-06,0.47,12,330,8,
932642358896439621,Stylish top floor apt w/parking,232967878,Diana,,THIRTEENTH WARD,42.67224,-73.79301,Entire home/apt,106,1,37,2025-02-15,1.88,23,86,26,
53567589,Private Garden Apt in Downtown Albany|Pets Allowed,433096110,Brian,,SIXTH WARD,42.65204,-73.76655,Entire home/apt,99,1,251,2025-02-23,6.40,4,341,73,
20671966,The Metropolitan,98744672,Bela,,NINTH WARD,42.65532,-73.78244,Entire home/apt,58,2,46,2025-01-19,0.51,8,248,7,
24606880,The Western Suite,98744672,Bela,,NINTH WARD,42.65431,-73.78178,Private room,50,2,48,2025-02-27,0.62,8,340,9,
1097995825442731795,New Center square studio,232967878,Diana,,SIXTH WARD,42.65269,-73.76567,Entire home/apt,93,2,38,2025-02-10,3.18,23,83,38,
53483727,Spacious Urban APT w/4BR & Office in Albany,433096110,Brian,,FOURTEENTH WARD,42.65824,-73.80114,Entire home/apt,156,1,155,2025-02-21,4.03,4,217,49,
45024912,Private Apt Queen 1 Bed Sanctuary with many Extras,362851072,Elsa,,FOURTEENTH WARD,42.66132,-73.7956,Entire home/apt,142,1,129,2025-01-12,2.35,1,227,9,
6623339,Center Sq. Loft in Converted Precinct w/ Parking,19648678,Terra,,SIXTH WARD,42.65222,-73.76724,Entire home/apt,96,2,331,2025-02-09,2.79,4,294,24,
1256391301639690602,Lovely 1 bedroom across the park,37769478,Erion,,SIXTH WARD,42.65422976833157,-73.76982577313373,Entire home/apt,88,1,8,2025-02-11,1.60,11,364,8,
1289084606313003203,"1 bedroom apt close to hospitals,3min to Albanymed",484673863,Michaela,,TENTH WARD,42.65701240741075,-73.78116252001512,Entire home/apt,70,1,18,2025-02-23,5.14,3,336,18,
937927979762952955,Hudson 4 at The Argus Hotel,526358730,Argus,,TENTH WARD,42.66043,-73.77432,Private room,165,1,2,2024-10-12,0.33,12,300,2,
937837897631191844,Hudson 2 at The Argus Hotel,526358730,Argus,,SIXTH WARD,42.65867,-73.77479,Private room,165,1,2,2023-12-31,0.11,12,304,0,
1075444056381274297,The Tangerine Door,542733174,Rebecca,,TWELFTH WARD,42.67908,-73.79505,Entire home/apt,126,2,21,2025-02-23,1.60,1,29,18,
1051544181986274174,Renovated Cozy 1920‚Äôs Apartment,31994990,Gonca,,SEVENTH WARD,42.64478,-73.7764,Entire home/apt,53,28,1,2024-09-30,0.19,2,26,1,
938271786418327576,Knickerbocker 3 The Argus Hotel,526358730,Argus,,SIXTH WARD,42.65868,-73.77333,Private room,243,1,0,,,12,340,0,
937935210290408974,Hudson 5 at The Argus Hotel,526358730,Argus,,SIXTH WARD,42.65847,-73.77272,Private room,161,1,5,2024-12-29,0.30,12,336,4,
806767523952124375,& Modern Luxury Cottage in Central ALB,110453341,Alexis,,FIFTH WARD,42.6684126,-73.7684199,Entire home/apt,103,1,36,2024-10-20,1.41,1,361,15,
938260134617291567,Whalen 4 at The Argus Hotel,526358730,Argus,,SIXTH WARD,42.65893,-73.77448,Private room,180,1,0,,,12,335,0,
1294330125585979004,Modern Luxury 2 bedroom w/yard,353498132,Michael,,EIGHTH WARD,42.64592834063253,-73.79876141165387,Entire home/apt,155,13,0,,,6,149,0,
1227494196390230149,/Audubon Apartment\ 3bed 1bath built1928 Pine Hill,52123673,Joseph,,THIRTEENTH WARD,42.66955,-73.78542,Entire home/apt,158,2,5,2025-02-16,0.87,1,364,5,
1274613024891750632,Cozy room in the heart of Albany,32379616,Fabiola,,THIRD WARD,42.66487530937626,-73.76730339028755,Private room,37,28,0,,,3,364,0,
937959604296602771,Whalen 2 Deluxe at The Argus Hotel,526358730,Argus,,TENTH WARD,42.66003,-73.7732,Private room,186,1,0,,,12,334,0,
563711706943869398,/Purple Potty Penthouse\ 1928 Pine Hill 4Bed 1Bath,4259750,Peter,,THIRTEENTH WARD,42.66919,-73.78672,Entire home/apt,,2,9,2024-10-19,0.24,8,364,3,
50088935,Quiet 2-bedroom condo in the heart of Albany,172658781,Jessica,,THIRTEENTH WARD,42.66972,-73.79544,Entire home/apt,,60,4,2022-11-30,0.10,2,293,0,
53971505,Charming 1 Bdrm Garden Apt in Historic Brownstone,60293220,David,,FOURTH WARD,42.65873,-73.7494,Entire home/apt,,13,3,2022-12-31,0.08,3,364,0,
40828178,Comfortable! One Bedroom A/C Apartment Queen Bed,47491906,Lloyd,,FOURTH WARD,42.67773,-73.73899,Entire home/apt,,1,173,2025-02-16,2.77,1,193,7,
54369238,"Cozy townhouse, close to hospital, free parking!",152762198,Allen,,NINTH WARD,42.65578,-73.78641,Entire home/apt,,3,47,2025-02-17,1.59,9,152,16,
631778545710518995,Lovely 3-bedroom apartment with indoor fireplace.,272907816,Angela,,SECOND WARD,42.645252,-73.753433,Entire home/apt,,1,17,2024-06-10,0.69,4,0,5,
993431459821117738,Albany 3 Bedroom Apt. Sleeps 6,309980121,Ron,,SIXTH WARD,42.65623,-73.7641152,Entire home/apt,,14,12,2024-02-29,0.71,1,0,0,
565171585673492875,Lovely 1 bed apartment close to MVP Arena,232967878,Diana,,SECOND WARD,42.64342,-73.75742,Entire home/apt,,1,91,2024-10-28,2.47,23,0,22,
52836323,*Hidden gem w/in walking distance to Madison Ave *,232967878,Diana,,THIRTEENTH WARD,42.67242,-73.79292,Entire home/apt,,1,85,2024-11-16,2.19,23,59,27,
703551649845095095,Cozy Albany Home,3650672,Zuhair,,THIRTEENTH WARD,42.67075,-73.79704,Entire home/apt,,2,3,2024-08-25,0.41,1,180,3,
794723189688979530,Updated 3/1 unit for Professionals and Families,20144241,Carla,,FIFTH WARD,42.67283,-73.77367,Entire home/apt,,3,13,2024-12-21,0.60,1,59,7,
775645647912379518,Casa Coquette+King Bed w/En Suite+Center Sq 2 min,115597810,Massiel,,SIXTH WARD,42.6518469,-73.7642072,Entire home/apt,,14,47,2024-10-20,1.77,1,13,24,
938266199766701429,Knickerbocker 1 The Argus Hotel,526358730,Argus,,TENTH WARD,42.66037,-73.77327,Private room,,1,0,,,12,338,0,
846586211673806912,Spacious Home Away from Home!,49372011,Philip,,TWELFTH WARD,42.67336,-73.78619,Entire home/apt,,3,19,2025-01-24,0.83,2,59,7,
937838302933205871,Hudson 1 at The Argus Hotel,526358730,Argus,,ELEVENTH WARD,42.6606,-73.77284,Private room,,1,7,2024-10-16,0.41,12,324,3,
937871330299571029,Everything you need! Modern Gem on New Scotland,471810429,Maria,,SEVENTH WARD,42.65184,-73.78582,Entire home/apt,,2,71,2024-12-31,3.72,1,0,15,
823275570359807298,Cozy Home 5 Minute Walk to Albany Medical Center,500360485,Manjano,,SIXTH WARD,42.65184,-73.77074,Entire home/apt,,7,0,,,1,0,0,
1091422934956081673,2 bed with parking off Madison,232967878,Diana,,TENTH WARD,42.65988,-73.78486,Entire home/apt,,2,15,2024-10-28,1.32,23,89,15,
704544922160063127,Cozy 1 bedroom in desirable Albany Neighborhood,58406953,Nicholas,,THIRTEENTH WARD,42.67485,-73.79867,Entire home/apt,,2,2,2022-10-16,0.07,1,108,0,
888859204851381094,Walk to Downtown Albany: Ten Broeck Triangle Apt!,121680792,Evolve,,THIRD WARD,42.65822,-73.75132,Entire home/apt,,2,13,2024-11-03,0.60,6,346,8,
796231143904004713,Washington Park Inn 4,493882819,Terra,,NINTH WARD,42.65582,-73.77541,Private room,,1,12,2024-12-01,0.61,6,286,5,
917510613914219375,"R&R | Hospitals, Colleges + Politics",6203319,Melissa,,TENTH WARD,42.66261,-73.79158,Private room,,1,10,2024-09-29,0.50,3,0,3,
17238066,"$53($25 foreign student)Twin, noa/cno
Smoke freeBF",61700428,Adam,,FIFTH WARD,42.67614,-73.78169,Private room,,15,132,2024-08-01,1.38,2,365,2,
784781397995494758,Private bedroom and private bath w/separate entry,491907850,Donna,,FOURTEENTH WARD,42.66298,-73.81361,Private room,60,1,15,2024-07-31,0.60,1,83,4,
1344295935213350424,Business Travelers Retreat,42708277,Rodney,,FOURTH WARD,42.675383658286634,-73.75011739653225,Entire home/apt,,1,0,,,6,30,0,
1142828940864329671,Safe Comfy Cozy 2 bedrooms.,574235481,Lavern,,FIRST WARD,42.64094,-73.7767,Entire home/apt,,2,4,2024-07-06,0.40,1,0,4,
934035097653060273,Washington Park Inn 7,493882819,Terra,,SIXTH WARD,42.65655,-73.77434,Private room,,1,8,2024-10-06,0.41,6,0,5,
880290989870286099,Spacious 3BR with 2BA & Laundry,49372011,Philip,,ELEVENTH WARD,42.67355,-73.78496,Entire home/apt,,2,26,2024-09-02,1.18,2,179,7,
937943638262956751,Whalen 1 Suite at The Argus Hotel,526358730,Argus,,SIXTH WARD,42.65908,-73.77326,Private room,,1,2,2024-10-06,0.14,12,277,1,
937966967490420635,Whalen 3 at The Argus Hotel,526358730,Argus,,SIXTH WARD,42.65857,-73.7744,Private room,,1,0,,,12,334,0,
1142832011692120213,Great area-Renters Favorite-Patio-Full Apt-Parking,129023424,Riccardo,,THIRTEENTH WARD,42.67105,-73.7995,Entire home/apt,,7,5,2024-09-29,0.54,1,225,5,
1279781671588026640,Spacious & Quiet Townhouse Near Legislative Center,528617680,Paola,,SECOND WARD,42.6453112779392,-73.75793399720892,Private room,,1,6,2025-02-19,1.50,2,0,6,
1284983740417509877,Cowen Residence Hospitality.,661066080,Conseta,,FOURTH WARD,42.67445142837617,-73.73835701264711,Entire home/apt,,1,1,2025-01-18,0.68,1,171,1,
28519423,Albany Medical/Dtwn Albany/Colleges/RED ROOM M.,89705052,Share,,TENTH WARD,42.65746,-73.77904,Private room,51,2,70,2025-01-04,0.90,3,121,10,
756752556396798800,Private Room in the Center of the Albany,69729286,Musab,,SIXTH WARD,42.65259,-73.76732,Private room,47,5,17,2025-02-27,0.64,2,214,3,
2992450,Luxury 2 bedroom apartment,4621559,Kenneth,,THIRD WARD,42.65789,-73.7537,Entire home/apt,70,28,9,2022-08-17,0.07,1,335,0,
1246452851774715158,Room close to AMC and St peter,652223872,Umit,,TENTH WARD,42.65941683202992,-73.78360267728567,Private room,53,3,4,2024-12-23,0.85,1,364,4,
938421117122010799,"The backroom with TV, Queen bed and extra futon",116935236,Fs,,ELEVENTH WARD,42.6708367,-73.7853116,Private room,,2,23,2024-12-17,1.18,4,336,11,
1273958657689116365,3 Bedroom Cozy Ranch,57127782,Deanna,,FIFTEENTH WARD,42.673155,-73.8203654,Entire home/apt,,1,21,2025-02-16,5.04,1,300,21,
52042995,B-Room for students & professionals close to all.,160832560,Luke,,FIFTEENTH WARD,42.67643,-73.82903,Private room,41,2,23,2025-02-18,0.58,1,342,2,
38321579,Comfy and quiet,172223381,Diana,,EIGHTH WARD,42.65085,-73.80239,Private room,53,1,397,2025-02-27,5.95,2,140,104,
1183460523409924571,Albany Business Class Apartment,42708277,Rodney,,SIXTH WARD,42.6524,-73.76351,Entire home/apt,60,1,8,2025-02-16,0.96,6,51,8,
47334913,"Newly renovated,Amazing Location,private parking",152762198,Allen,,THIRTEENTH WARD,42.66646,-73.79184,Entire home/apt,91,3,89,2025-02-27,1.79,9,152,28,
689719338468663432,"Elegant, spacious studio apt in historic mansion",1717342,David,,SIXTH WARD,42.654057650371506,-73.76071299629517,Entire home/apt,83,1,238,2025-02-15,7.70,2,212,89,
887167811237271928,The Comfort II,459472925,Gabriel,,THIRD WARD,42.66246,-73.76576,Private room,36,1,26,2025-02-17,1.23,2,363,10,
1365428503448527322,"Cozy 2 bed/1 Bath, 2nd Floor Apt",664328482,Oluyinka,,SECOND WARD,42.6436654,-73.7536006,Entire home/apt,98,1,0,,,1,345,0,
30189794,Seashore Suite At The Inn on South Lake,98744672,Bela,,NINTH WARD,42.6533,-73.78114,Private room,59,2,68,2024-05-19,0.92,8,247,4,
677623197606854496,**New Listing! Modern 2 bdrm Apt in Mansion Area!,203631769,Johnny,,SECOND WARD,42.64531,-73.75963,Entire home/apt,,2,28,2023-09-29,0.91,1,0,0,
1210875317904799284,Charming Home,147780154,Julia,,EIGHTH WARD,42.65812,-73.81912,Entire home/apt,199,3,0,,,1,358,0,
52923647,Cozy 3BR House in Whitehall near DT Albany,428451585,Erwin,,EIGHTH WARD,42.64792,-73.79953,Entire home/apt,225,3,0,,,1,364,0,
50211226,Cozy Studio By Washington Park | Walkable!,105597161,Kate And Jake,,ELEVENTH WARD,42.66034,-73.77163,Entire home/apt,104,2,179,2025-02-09,4.64,1,348,31,
581057744765912905,‚óÜUNIQUE‚óÜ spacious LOFT with photo studio w/d!,47625981,Linda,,THIRD WARD,42.65848,-73.76359,Entire home/apt,92,1,44,2025-01-13,1.22,18,362,5,
938475906652462790,Colorful and eclectic apartment,132766782,Kelly,,TWELFTH WARD,42.67398,-73.79126,Entire home/apt,113,3,9,2025-02-17,0.85,1,260,9,
1170384250566304506,/An Oasis 8 ppl Yard Grill W/D\,580892646,Crystal,,SECOND WARD,42.64349,-73.75906,Entire home/apt,313,2,2,2024-07-31,0.24,2,109,2,
910155617642317638,Exclusive | Suite ~ Extended Stay,6203319,Melissa,,TENTH WARD,42.66292,-73.7909,Private room,,1,1,2023-07-26,0.05,3,0,0,
1208695175897245796,"""The Albany Allen Home"" Private Bedroom 5",349460842,Scott,,TENTH WARD,42.6639,-73.7927,Private room,56,28,0,,,17,304,0,
11639446,$55twin($30 foreign student)FreeBF Noa/c no smoke,61700428,Adam,,ELEVENTH WARD,42.67583,-73.78297,Private room,55,15,231,2024-02-29,2.17,2,365,0,
54126421,Beautiful Apartment in the heart of Albany,37769478,Erion,,SIXTH WARD,42.65422,-73.76996,Entire home/apt,101,1,67,2025-02-15,1.88,11,361,11,
53312101,* 1 bed near Times Union center & Egg w/parking *,232967878,Diana,,SECOND WARD,42.64369,-73.7581,Entire home/apt,76,2,57,2024-12-21,1.42,23,66,15,
1362703493266949171,Classic & Homey 2BD/1BA Fl 2 Apt @ Downtown Albany,44434571,Earl,,THIRD WARD,42.64603244244705,-73.7523681041259,Entire home/apt,94,1,0,,,10,363,0,
1004978540001566331,Elegant Albany Retreat | Mins to D/T & UAlbany,31318080,Cindy,,EIGHTH WARD,42.6555,-73.81066,Entire home/apt,125,2,43,2025-02-01,3.39,1,131,42,
45529316,WOW ‚òÖ Bright Apt ‚òÖ PRIME downtown Walk Everywhere,47625981,Linda,,SECOND WARD,42.64821,-73.75793,Entire home/apt,108,1,115,2025-02-04,2.30,18,346,18,
45074220,"Historic Albany, Loft Apartment",272907816,Angela,,SECOND WARD,42.64454,-73.75369,Entire home/apt,77,2,34,2025-02-16,0.81,4,81,4,
50207226,‚òÖ RARE 1BR Apt with Character GREAT Location! W/D‚òÖ,47625981,Linda,,FOURTH WARD,42.65888,-73.74673,Entire home/apt,104,1,82,2025-02-14,1.80,18,297,13,
54232383,Lovely 2 bedroom unit with indoor fireplace.,272907816,Angela,,SECOND WARD,42.64459,-73.75392,Entire home/apt,89,2,5,2022-11-06,0.16,4,345,0,
1124558577325015506,Charming 1BR Near Capitol-Dwntwn,46312980,Robert,,SECOND WARD,42.646032,-73.760482,Entire home/apt,64,3,3,2025-01-31,0.33,2,114,3,
1277717926531215616,Large Center Sq Luxury Retreat.,65760,Anthony,,SIXTH WARD,42.6497616,-73.7645287,Entire home/apt,171,4,0,,,1,227,0,
681952268271889535,Albany-2 bedrooms apt (1st fl) A&A-Sisters Rental,461579260,Md,,SECOND WARD,42.646896,-73.757612,Entire home/apt,140,1,3,2024-03-31,0.12,2,61,1,
653433851241162365,Lovely apartment in heart of Albany,1761578,Grant,,SIXTH WARD,42.65389,-73.76538,Entire home/apt,130,2,6,2024-10-21,0.25,3,38,4,
950613505102507073,A beautiful cozy home,529844022,Shirin,,FIRST WARD,42.63855,-73.76927,Entire home/apt,,1,0,,,1,0,0,
989897095065962672,Minutes from hospitals and Universities,109133858,Priscilla,,THIRTEENTH WARD,42.6716,-73.79799,Entire home/apt,,1,2,2024-11-29,0.16,1,263,1,
1141525488442370659,North Allen,522436003,Adriana,,THIRTEENTH WARD,42.6689614,-73.7890379,Private room,,28,0,,,3,239,0,
1150611568915810847,Albany historic Washington Park,576083630,Joseph,,SIXTH WARD,42.6586049,-73.76803290000001,Entire home/apt,95,2,9,2024-10-28,0.92,1,74,9,
1296651761769034648,Room in Albany,663670719,Elhadj,,THIRTEENTH WARD,42.664345438141105,-73.77874573138119,Private room,38,1,6,2025-02-26,5.00,3,325,6,
1295804289767410494,'The Blue Home' Private Bedroom 1 / 1 Full Bath,349460842,Scott,,THIRTEENTH WARD,42.66345629680885,-73.7818281544101,Private room,70,30,0,,,17,230,0,
31210362,Nest in Hazel,160340958,Jon,,FIFTEENTH WARD,42.67519,-73.82281,Private room,47,2,30,2025-01-24,0.40,1,351,3,
1189249179392132534,Lovely 1 Bedroom with Parking,37769478,Erion,,TENTH WARD,42.66215,-73.79048,Entire home/apt,80,1,23,2025-02-15,2.97,11,364,23,
53645427,‚òÖ BEAUTIFUL  2 BED 2 BATH  w/ SOAKER TUB + W/D‚òÖ,47625981,Linda,,FOURTH WARD,42.65913,-73.74722,Entire home/apt,135,1,113,2025-02-18,2.88,18,286,37,
44180048,Historic Queen Studio Across from Washington Park!,355777684,Lloyd,,SIXTH WARD,42.65935,-73.76805,Entire home/apt,97,1,365,2025-02-17,6.48,3,282,40,
54128829,Modern & Cozy Cntr Square Townhouse Gem from 1854,265709295,Richard & Priscela,,SIXTH WARD,42.65594,-73.76591,Entire home/apt,145,1,233,2025-02-09,6.31,2,330,44,
928948908785846870,Newly Renovated Gem in Melrose - Pet Friendly,441054845,Thaddeus,,THIRTEENTH WARD,42.67066,-73.79571,Entire home/apt,58,1,61,2025-02-19,3.14,2,215,45,
1229302903741056027,It's Like a Treehouse,562084689,Antonio,,TENTH WARD,42.66104,-73.77971,Entire home/apt,98,1,10,2025-02-15,1.60,3,346,10,
25549565,Quiet and Pretty in the Heart of Center Square,9666970,Janet,,SIXTH WARD,42.65345,-73.7645,Entire home/apt,71,1,900,2025-02-15,10.98,1,0,120,
1134940445251354534,Calling all travelers,521669673,Kody,,THIRD WARD,42.65909,-73.75691,Entire home/apt,70,14,1,2024-05-03,0.10,4,235,1,
20519885,Spacious5BedroomHome BusinessOrFamily InAlbany!,67171774,Michael And Flerida,,FOURTEENTH WARD,42.65846,-73.80201,Entire home/apt,275,4,108,2025-02-17,1.21,1,302,16,
1319619558594743733,Prime Location - 1 Bedroom,559146397,Cathleen,,SIXTH WARD,42.65331,-73.76971,Entire home/apt,65,31,0,,,2,334,0,
52691284,+ Perfect place to make memories with loved ones +,232967878,Diana,,TENTH WARD,42.66236,-73.79245,Entire home/apt,474,2,84,2025-02-05,2.04,23,84,24,
687496906843024117,Albany-3 bedrooms apt (2nd fl) A&A-Sisters Rental,461579260,Md,,SECOND WARD,42.64621,-73.75723,Entire home/apt,156,1,4,2023-05-28,0.14,2,72,0,
1016050146219474145,Heart of Albany - Downtown Near Everything,42708277,Rodney,,SIXTH WARD,42.65539,-73.76416,Entire home/apt,60,1,33,2025-02-14,2.05,6,46,26,
1174544643387116469,"Spacious, Modern Gem in Melrose - Pet Friendly",441054845,Thaddeus,,THIRTEENTH WARD,42.66894,-73.79549,Entire home/apt,91,1,50,2025-02-28,5.77,2,207,50,
887179061681202083,The Comfort,459472925,Gabriel,,THIRD WARD,42.6628771,-73.76534029999999,Private room,36,1,29,2024-11-15,1.33,2,361,17,
1266676779473584420,Row house on the park,1017349,Chris,,SIXTH WARD,42.65319027333566,-73.76970599961155,Private room,75,1,1,2024-10-26,0.23,1,83,1,
774701102203414342,Entire cozy unit in Albany,261036923,Hasan,,FOURTEENTH WARD,42.6601,-73.80719,Entire home/apt,72,1,56,2025-01-29,2.12,1,249,19,
1229336497403850446,Indigo Bunting Nest,562084689,Antonio,,ELEVENTH WARD,42.66319,-73.77897,Entire home/apt,152,1,19,2025-02-15,3.22,3,351,19,
1334238579190312184,Modern & Spacious 3BR/1BA Fl 2 Apt Downtown Albany,44434571,Earl,,SECOND WARD,42.6440750005831,-73.75452790055822,Entire home/apt,126,1,0,,,10,314,0,
881231954286264195,Exposed Brick with Park Views,37769478,Erion,,SIXTH WARD,42.65379,-73.76901,Entire home/apt,86,1,18,2025-02-16,0.80,11,335,10,
13083497,Pristine Cape Cod on the Creek - 4 Large Bedrooms!,1364123,Akhilesh,,FIFTEENTH WARD,42.66972,-73.82753,Entire home/apt,219,2,187,2024-11-09,1.77,1,326,14,
841524382518312215,Mellow Cove,462042479,Natasha,,SIXTH WARD,42.66008,-73.76977,Entire home/apt,120,3,6,2024-07-09,0.33,2,364,5,
1158239701426064904,Funky loft studio,502037254,Andrew,,THIRD WARD,42.65845,-73.75926,Entire home/apt,98,30,0,,,3,269,0,
52615364,Unique one bedroom in the heart of downtown Albany,416465867,Chris,,THIRD WARD,42.65069,-73.75193,Entire home/apt,65,30,20,2022-03-27,0.49,1,173,0,
53860077,/ Gorgeous Garden Getaway\ 1943 SUNY Eagle Hill,4259750,Peter,,FIFTEENTH WARD,42.674675,-73.822861,Entire home/apt,,1,35,2024-12-10,0.97,8,365,19,
737574278276037589,4 bed all on one floor,232967878,Diana,,TENTH WARD,42.66069,-73.78555,Entire home/apt,,1,45,2025-01-31,1.61,23,0,13,
717373135846408345,Centrally located 2 bed w/ off street parking,232967878,Diana,,THIRTEENTH WARD,42.67261,-73.79262,Entire home/apt,,1,60,2025-02-15,2.10,23,86,30,
1175235317794137317,Furnished 4 bed vintage home,20536619,Emily,,THIRTEENTH WARD,42.67276,-73.79332,Entire home/apt,,20,0,,,5,0,0,
21769213,Cozy downstairs bedroom in quiet neighborhood!,135717458,Chad,,ELEVENTH WARD,42.66572,-73.77834,Private room,32,18,31,2025-01-24,0.35,3,212,7,
1242227342075722524,Nice room in downtown albany,594734396,Abdelrahman,,SECOND WARD,42.6425,-73.75889,Private room,50,1,23,2025-02-27,4.42,1,358,23,
1146352622413555849,491 Washington Ave FL1Rare,575030103,Rehan,,ELEVENTH WARD,42.66259,-73.7733,Private room,50,2,16,2025-01-03,1.61,2,269,16,
1158059552251999833,"""The Albany Allen Home"" Private Bedroom 1",349460842,Scott,,TENTH WARD,42.66428,-73.79249,Private room,56,28,2,2024-11-29,0.33,17,254,2,
1062527013885315764,"private twin room near hospitals, schools",20536619,Emily,,THIRTEENTH WARD,42.67096,-73.79514,Private room,59,3,11,2025-01-18,0.83,5,82,9,
649973892551492641,Modern luxury studio with free off street parking,353498132,Michael,,SECOND WARD,42.64625,-73.75663,Entire home/apt,90,14,8,2024-11-26,0.26,6,332,3,
45528939,UNIQUE Gem in HEART of Albany ‚òÖ Spiral Staircase,47625981,Linda,,SECOND WARD,42.64801,-73.75668,Entire home/apt,108,1,99,2025-02-16,1.99,18,279,15,
51579900,‚òÖMODERN 1BR GREAT Location Downtown! W/D Parking!‚òÖ,47625981,Linda,,FOURTH WARD,42.65856,-73.74866,Entire home/apt,99,1,74,2024-10-28,1.71,18,283,8,
45529447,‚òÖ 2 BEDROOM / 1 BATH TRENDY Apt ‚òÖ Downtown Albany,47625981,Linda,,SECOND WARD,42.64713,-73.75628,Entire home/apt,126,1,143,2025-02-14,2.88,18,284,23,
1343763529035880659,Home in Great Safe Neighborhood,51050977,Manny,,FIFTEENTH WARD,42.6694592,-73.8269249,Entire home/apt,114,30,0,,,1,364,0,
1105303461851883481,Downtown Brownstone with a View!,14817455,Matt,,THIRD WARD,42.65749,-73.75263,Entire home/apt,140,7,0,,,1,268,0,
786196811078165173,Mansion in Albany 7minutes to Downtown Albany,444163492,Drasana,,FOURTH WARD,42.67996,-73.75352,Entire home/apt,,30,13,2024-02-25,0.53,1,0,0,
634108143238179968,Perfect for Families and Traveling Professionals,119340359,Lori,,SIXTH WARD,42.65323,-73.76797,Entire home/apt,,30,101,2024-07-28,3.02,2,0,17,
849460179246794510,Your luxury home away from home,1761578,Grant,,SIXTH WARD,42.65432,-73.76531,Entire home/apt,,2,2,2025-02-17,0.16,3,114,1,
1187591175698501325,House near major medical center,232967878,Diana,,NINTH WARD,42.65502,-73.79183,Entire home/apt,,1,22,2025-01-27,2.75,23,89,22,
19571496,Modern Studio Perfect Location Albany,36438637,Chad,,TENTH WARD,42.6585,-73.78414,Private room,45,18,29,2025-01-24,0.35,4,357,2,
17514620,Cozy Modern Room Perfect Location Albany,36438637,Chad,,TENTH WARD,42.6584,-73.78309,Private room,41,18,56,2024-11-02,0.58,4,356,3,
739722503092755616,Adirondack Suite #1,98744672,Bela,,NINTH WARD,42.6543178,-73.7818222,Private room,45,2,36,2025-02-17,1.26,8,336,14,
797455132224782470,Albany Medical/colleges/Dtwn Albany/Green ROOM O,89705052,Share,,TENTH WARD,42.65741,-73.78034,Private room,51,2,14,2024-09-30,0.55,3,121,4,
32279028,"Cosy, comfy and quiet for one",172223381,Diana,,EIGHTH WARD,42.64936,-73.80278,Private room,53,1,210,2025-02-25,2.86,2,3,14,
47440071,The Historic J. Buel Farmhouse - Luxury Suite Loft,382970529,Thomas,,THIRTEENTH WARD,42.6692,-73.79849,Private room,105,1,160,2025-02-17,3.19,12,66,47,
1201525324551556925,Traveling Medical Professionals,413566290,Victoria,,NINTH WARD,42.65506735928797,-73.79768460988998,Private room,59,2,5,2025-02-04,0.67,2,45,5,
1010759799610182054,Abba House historic Retreat - 3rd Floor Queen Bed,382970529,Thomas,,THIRTEENTH WARD,42.66971,-73.79755,Private room,51,1,58,2025-02-14,3.60,12,265,44,
22398196,Elegant Guest Suite in our beautiful Victorian!,98744672,Bela,,NINTH WARD,42.65501,-73.78122,Private room,52,2,119,2025-02-26,1.37,8,343,14,
15580397,Albany Medical/Dtwn Albany/Colleges/BLUE ROOM H.,89705052,Share,,NINTH WARD,42.65651,-73.77887,Private room,51,2,47,2025-01-20,0.50,3,115,8,
1198592120169206200,"""The LEO Home"" Private Bedroom 2",349460842,Scott,,TENTH WARD,42.66269,-73.78163,Private room,56,30,0,,,17,134,0,
628824127129967353,Clean lines and accessible Convenient Location!,7164949,Jordan,,THIRD WARD,42.66169974831227,-73.76466827605744,Private room,58,2,0,,,1,88,0,
1185537980724624711,Empire Plaza Apartment,29483818,Ben,,SIXTH WARD,42.65327,-73.76181,Entire home/apt,84,1,85,2025-03-01,10.41,1,79,85,
845960193409947556,Modern Cottage-Perfect for Families!,268741708,Antoinette,,FIRST WARD,42.63504,-73.79833,Entire home/apt,277,2,98,2025-02-23,4.15,1,166,48,
1183457852972127594,Upscale Listing-Heart of Albany,42708277,Rodney,,SIXTH WARD,42.65227,-73.7646,Entire home/apt,60,1,16,2025-02-15,2.10,6,59,16,
1056469473906808728,"Bonjour, Bienvenue A Chez Pierre",553112010,Linda,,TWELFTH WARD,42.7149,-73.87649,Private room,54,2,1,2024-10-26,0.23,1,268,1,
919055506310955442,Room for rent,502751555,Grace,,FIFTH WARD,42.67292,-73.7776,Private room,93,1,0,,,1,364,0,
27670660,The Rock & Roll Suite,98744672,Bela,,NINTH WARD,42.6543083190918,-73.78177642822266,Private room,54,2,26,2024-10-15,0.35,8,350,5,
1264531987910224088,"*Serene* Parkside 2BR Apt: Private Entrance, W/D",47625981,Linda,,SEVENTH WARD,42.64762856666501,-73.76751684061892,Entire home/apt,131,1,14,2025-02-15,2.98,18,326,14,
1329355205441244604,Albany Prime Location - 1 Bed,559146397,Cathleen,,SIXTH WARD,42.65344807383542,-73.76942854374647,Entire home/apt,70,31,0,,,2,301,0,
1223845635352908531,"493 Washington Ave, Albany 12206, 1st Floor",575030103,Rehan,,ELEVENTH WARD,42.66332540000001,-73.77422550000001,Entire home/apt,99,3,5,2024-12-27,1.07,2,346,5,
1021011347006185640,*Spacious* Modern 1 Bedroom RARE Apt w GYM,47625981,Linda,,THIRD WARD,42.65971,-73.76382,Entire home/apt,107,1,27,2025-01-02,1.78,18,267,21,
50890336,"‚òÖCHIC, Renovated Brownstone‚òÖ in PRIME DT Albany",47625981,Linda,,FOURTH WARD,42.65901,-73.74748,Entire home/apt,108,1,45,2024-07-25,1.03,18,305,6,
44450012,Spacious upscale luxury apartment with huge yard,353498132,Michael,,EIGHTH WARD,42.64808,-73.7996,Entire home/apt,145,13,26,2024-11-26,0.47,6,230,4,
1291321613053647042,The Belvedere,571617730,Zinte,,SECOND WARD,42.6445746,-73.7566836,Entire home/apt,300,1,0,,,1,357,0,
1100876731732967826,"Homey, Quiet 2BR W/ Washer Dryer",152762198,Allen,,FOURTEENTH WARD,42.67008,-73.80691,Entire home/apt,94,3,27,2025-02-15,2.51,9,148,27,
821566342267452838,COMFY Room/w Private BATH + TV,177073982,Cristian,,FOURTEENTH WARD,42.66109,-73.80479,Private room,52,2,3,2023-11-30,0.12,2,239,0,
668608096674070882,The Historic J. Buel Farmhouse-  Rose Feather Room,382970529,Thomas,,FOURTEENTH WARD,42.66758,-73.7992,Private room,70,1,127,2025-02-24,3.96,12,76,33,
969886763377526954,Abba House historic Retreat - 1st Floor Queen Bed,382970529,Thomas,,FOURTEENTH WARD,42.66877,-73.79927,Private room,55,1,94,2025-02-20,5.78,12,267,92,
24120690,One Bedroom apartment with private entrance,156446839,Domini,,FOURTEENTH WARD,42.65975,-73.81196,Private room,68,2,122,2024-09-07,1.46,1,57,1,
35793179,Cozy Bedroom in Historic Residential Home,15223767,Ed,,SEVENTH WARD,42.65259,-73.78223,Private room,50,1,190,2025-02-13,2.76,3,248,39,
850173470105833039,Stunning Guest Suite in Historic 1874 Row House,120815848,Phat,,SECOND WARD,42.6446,-73.75885,Private room,89,1,161,2025-02-24,6.94,1,324,99,
9501054,Spacious suite with full bath by Capital  Center,29288920,Gregg,,SECOND WARD,42.64734,-73.75851,Private room,52,1,410,2025-02-05,3.71,2,72,43,
1310170283925918533,Private Room In Albany,663670719,Elhadj,,ELEVENTH WARD,42.66375890730826,-73.77674406705056,Private room,44,1,15,2025-02-28,6.34,3,353,15,
803867986023966300,Washington Park Inn 1,493882819,Terra,,NINTH WARD,42.656329,-73.775205,Private room,134,1,9,2024-10-29,0.45,6,281,4,
617242073954595468,Iconic City Center Apt in Downtown | Pets Allowed,433096110,Brian,,SIXTH WARD,42.65353,-73.7679,Entire home/apt,102,1,157,2025-02-12,4.57,4,268,46,
870457209918967324,Quiet Room Near Everything,177073982,Cristian,,FOURTEENTH WARD,42.66128,-73.80548,Private room,52,3,4,2024-03-02,0.23,2,243,1,
1252255960109808438,The Old Lawmaker's Building.,172861174,Vibha,,THIRD WARD,42.6551298,-73.75842949999999,Private room,92,1,5,2025-03-01,1.06,1,361,5,
21052414,Cozy bedroom with (2) walk-in closets,135717458,Chad,,THIRTEENTH WARD,42.66565,-73.77975,Private room,36,18,44,2025-01-31,0.54,3,352,4,
1296756366433115082,"Room In Albany, NY",663670719,Elhadj,,ELEVENTH WARD,42.66294970341223,-73.7789027115689,Private room,37,1,22,2025-02-22,7.17,3,312,22,
48172884,The Down Under Suite,98744672,Bela,,NINTH WARD,42.65399,-73.78126,Private room,41,2,75,2025-02-27,1.54,8,282,24,
28400263,Private Room in Historic Residential Home,15223767,Ed,,NINTH WARD,42.65464,-73.78348,Private room,50,1,267,2024-12-11,3.49,3,255,24,
668608486588067880,The Historic J. Buel Farmhouse - Silk Hearth Room,382970529,Thomas,,FOURTEENTH WARD,42.66764,-73.79908,Private room,70,1,103,2025-02-16,3.23,12,77,23,
21769439,Cozy upstairs room with (1) walk-in closet,135717458,Chad,,ELEVENTH WARD,42.66703,-73.77842,Private room,35,18,26,2025-01-24,0.30,3,351,4,
1355026548513364492,Traveler‚Äôs Haven!,413566290,Victoria,,NINTH WARD,42.655400645597446,-73.79756712300808,Private room,56,2,0,,,2,87,0,
50639032,"Sunny Queen bed, Quiet w/Beautiful Garden",172539578,David Yisrael,,FIFTEENTH WARD,42.67945,-73.81647,Private room,38,3,45,2024-12-06,1.08,3,119,9,
28341274,Private room in historic building on the park,54394342,Alice,,SIXTH WARD,42.65821,-73.76917,Private room,75,1,90,2025-02-05,1.15,1,364,28,
14316232,"Unique Modern Room, Perfect Location Albany",36438637,Chad,,TENTH WARD,42.65726,-73.78219,Private room,45,18,52,2025-01-24,0.50,4,334,4,
19527043,Charming 1 Bedroom in a Historic Residential Home,15223767,Ed,,NINTH WARD,42.65312,-73.78161,Private room,70,1,82,2024-09-17,1.06,3,207,11,
25976514,City Feel - Green Room,31757246,Leiba,,SIXTH WARD,42.65333,-73.77293,Private room,93,3,14,2024-12-01,0.17,1,359,2,
42092736,Private Bedroom in Cozy Ranch Home,41400541,John,,FOURTEENTH WARD,42.66403,-73.81446,Private room,52,1,187,2025-02-15,3.05,1,44,47,
803814397190632412,Washington Park Inn - Room 5,493882819,Terra,,NINTH WARD,42.656329,-73.775205,Private room,134,1,6,2024-10-11,0.31,6,266,3,
1292881870228693830,‚ÄòThe Blue Home‚Äô Private Bedroom 3 / 1 Full Bath,349460842,Scott,,TENTH WARD,42.66229705990609,-73.78175574496683,Private room,70,30,0,,,17,256,0,
1240621479377945523,Private suite with separate entrance in Mansion,412416973,Virginia,,SECOND WARD,42.64567,-73.75883,Private room,58,1,7,2025-01-28,1.67,1,257,7,
1185591493744586895,"""The Albany Allen Home"" Private Bedroom 3",349460842,Scott,,FOURTEENTH WARD,42.66612,-73.79275,Private room,70,28,0,,,17,199,0,
764508866835218670,Rest+Restore Room ‚Ä¢ Short & Extended Stay ‚Ä¢,6203319,Melissa,,TENTH WARD,42.66117,-73.79091,Private room,64,1,31,2025-01-16,1.13,3,19,23,
1010759793485911351,Abba House Historic Retreat - 3rd Flr Twin Bed,382970529,Thomas,,THIRTEENTH WARD,42.67003,-73.79771,Private room,51,1,53,2025-02-07,3.27,12,269,38,
902166216060824525,2 bdrm Modern & Hip Apt w/ Patio,47625981,Linda,,SEVENTH WARD,42.64787,-73.76707,Entire home/apt,140,1,48,2025-02-08,2.31,18,355,23,
1018299533220989494,Abba House Historic Retreat - 2nd Floor Queen Bed,382970529,Thomas,,THIRTEENTH WARD,42.66996,-73.79816,Private room,57,1,76,2025-02-15,4.78,12,261,63,
1308084493028885153,‚ÄòThe Blue Home‚Äô Private Bedroom 2 / 1 Full Bath,349460842,Scott,,TENTH WARD,42.66299894556866,-73.7825558531992,Private room,56,28,0,,,17,302,0,
802216634798169031,Washington Park Inn 6,493882819,Terra,,SIXTH WARD,42.65751,-73.77409,Private room,168,1,6,2024-10-13,0.31,6,291,1,
1308111521841678866,‚ÄòThe Blue Home‚Äô Private Bedroom 4 / 1 Full Bath,349460842,Scott,,TENTH WARD,42.66239946679698,-73.78271260107455,Private room,56,30,0,,,17,212,0,
1013659440189111738,Abba House Historic Retreat - 2nd Floor Full Bed,382970529,Thomas,,FOURTEENTH WARD,42.66873,-73.7993,Private room,59,1,22,2025-01-16,1.37,12,135,9,
45313545,Adorable & Trendy 1 Bd Apt Minutes to Albany Med!,165293595,Kori,,NINTH WARD,42.6545,-73.78223,Entire home/apt,79,2,144,2025-02-11,2.71,1,171,35,
42567833,Homey,339085327,Arkady,,NINTH WARD,42.65567,-73.7854,Entire home/apt,160,70,0,,,1,365,0,
1272775565759171201,BuelView Flat- Queen Room in Spacious Apartment,382970529,Thomas,,THIRTEENTH WARD,42.66880437321853,-73.79736067456498,Private room,39,1,4,2025-02-16,1.17,12,81,4,
902326803627859755,"""The LEO Home"" Private Bedroom 4",349460842,Scott,,TENTH WARD,42.66174,-73.78325,Private room,63,30,0,,,17,333,0,
1136433500940918827,"""The LEO Home"" Private Bedroom 1",349460842,Scott,,THIRTEENTH WARD,42.66368,-73.78128,Private room,56,30,0,,,17,238,0,
12799126,Private Room in the Hearth of the Albany,69729286,Musab,,SIXTH WARD,42.65154,-73.76867,Private room,47,5,28,2024-02-06,0.51,2,364,0,
1191895319439613036,"Room in Albany, 4 minutes from AMC",32379616,Fabiola,,TENTH WARD,42.6605291,-73.7831549,Private room,33,28,0,,,3,363,0,
593272120497643087,The Historic J. Buel Farmhouse - Luxury Suite,382970529,Thomas,,THIRTEENTH WARD,42.66911,-73.79869,Private room,123,1,118,2024-12-29,3.64,12,76,34,
1256498995571429533,"""The LEO Home"" Private Bedroom 3",349460842,Scott,,TENTH WARD,42.66226,-73.78221,Private room,56,30,0,,,17,149,0,
1171885189346375850,/A spacious suite: King/Queen beds Grill WD yard\,580892646,Crystal,,SECOND WARD,42.64462,-73.75764,Private room,200,2,0,,,2,111,0,
1252301211909514289,"""The Albany Allen Home"" Private Bedroom 2",349460842,Scott,,TENTH WARD,42.66555578069533,-73.79269774597833,Private room,56,28,1,2024-11-27,0.31,17,326,1,
1252203595666312568,"""The Albany Allen Home"" Private Bedroom 4",349460842,Scott,,TENTH WARD,42.665179051217486,-73.79260147965597,Private room,56,28,0,,,17,364,0,
1015385216942267174,Á∫ΩÁ∫¶Â∑ûÈ¶ñÂ∫úÁöÑÊ∏©È¶®Â∞èÂ±ã,182509542,Yan,,NINTH WARD,42.6558992,-73.7965699,Private room,24,1,0,,,1,89,0,
12284708,"Well Lit Modern Room, Perfect Location Albany",36438637,Chad,,TENTH WARD,42.65912,-73.78349,Private room,41,18,61,2019-10-26,0.57,4,274,0,
942750363293463100,The spacious room w/ dresser/desk,116935236,Fs,,ELEVENTH WARD,42.67034,-73.7851,Private room,52,2,18,2025-01-18,1.30,4,264,16,
813640070361665090,The front room w/ TV and king size bed,116935236,Fs,,THIRTEENTH WARD,42.67144,-73.79033,Private room,,2,15,2025-02-27,0.78,4,337,5,
963920695464462572,Comfy studio in heart of Albany,189586864,Justin,,SIXTH WARD,42.65241,-73.77002,Entire home/apt,81,1,84,2025-02-27,4.57,1,353,68,
1056068682616336229,two private bedrooms near hospitals & schools,20536619,Emily,,THIRTEENTH WARD,42.6714,-73.79431,Private room,106,5,1,2024-08-22,0.16,5,82,1,
51230498,"Chic-romantic, center-city, hotel-style apartment.",414738935,Sonya,,THIRD WARD,42.66064,-73.76074,Entire home/apt,65,1,248,2025-02-22,5.65,1,61,37,
1097201673425863720,Cozy 1-Bedroom Apt in Albany (Entire Apartment),360806709,Gloria,,SEVENTH WARD,42.64149,-73.77925,Entire home/apt,78,1,46,2025-02-19,6.57,1,15,46,
54126427,Beautiful 1 bedroom In the heart of Albany,37769478,Erion,,SIXTH WARD,42.65403,-73.77056,Entire home/apt,91,1,121,2025-02-18,3.16,11,323,20,
957914480227791276,"2 bedroom+home office, private parking & backyard",217254883,Ermenita,,NINTH WARD,42.6549886,-73.79390939999999,Entire home/apt,121,1,103,2025-01-28,5.50,1,323,65,
1020518500251473070,Downtown Studio,233515764,Etem,,SECOND WARD,42.64714,-73.75466,Entire home/apt,65,1,121,2025-02-24,8.03,4,71,110,
940012438497375577,Sunny King bed w private luxurious bath & garden,172539578,David Yisrael,,FIFTEENTH WARD,42.68001107488553,-73.81705995884008,Private room,,3,5,2024-12-07,0.27,3,2,3,
1108060100336766656,downtown,539608284,Joyhefsiba,,THIRD WARD,42.66141,-73.76361,Private room,,30,0,,,1,0,0,
850653820133738660,"Private queen room near Albany Med, UAlbany",20536619,Emily,,THIRTEENTH WARD,42.67177,-73.79464,Private room,65,4,14,2025-02-02,0.72,5,89,9,
916781844562671031,Newly Renovated Apartment,407186700,Leon,,SEVENTH WARD,42.64391,-73.77292,Entire home/apt,67,2,1,2023-07-21,0.05,1,362,0,
28929840,"Spacious
private suite and private bath",194113768,Rachel,,FOURTH WARD,42.6737,-73.75313,Private room,70,1,7,2024-06-09,0.09,1,178,1,
32450400,Moroccan Sands,97330032,Sherrell,,FOURTH WARD,42.6761,-73.73825,Private room,104,3,1,2024-10-28,0.24,1,179,1,
52241973,Garden Apartment in Historic Center Square Home,35465673,Jason,,SIXTH WARD,42.65641,-73.76413,Entire home/apt,75,1,301,2025-02-14,7.32,1,71,93,
1298067362380112500,Fresh & Modernized 2BR Fl 1 Apt @ Downtown Albany,44434571,Earl,,SECOND WARD,42.64441207268658,-73.7522667363394,Entire home/apt,95,1,5,2025-02-22,2.46,10,339,5,
1147092019793504034,Larson Blue,233515764,Etem,,SIXTH WARD,42.65274,-73.76779,Entire home/apt,85,1,55,2025-02-21,5.43,4,85,55,
32993402,‚ú®Historic Full Amenities 2BR Apt @Downtown Albany,44434571,Earl,,SECOND WARD,42.64563,-73.75311,Entire home/apt,86,1,438,2025-02-23,6.04,10,356,35,
950211425725610511,"Historic, Spacious Mansion Suite",1717342,David,,SIXTH WARD,42.6541815,-73.76086049999999,Entire home/apt,99,1,150,2025-02-28,8.01,2,227,97,
5651579,Large studio apt  by Capital Center & ESP@,29288920,Gregg,,SECOND WARD,42.64615,-73.75966,Entire home/apt,75,2,370,2024-10-28,3.09,2,16,34,
1091500387329731524,Triplex oasis w:parking near MVP,232967878,Diana,,SECOND WARD,42.64409,-73.75709,Entire home/apt,76,2,53,2025-02-14,4.32,23,79,52,
28868857,‚≠êCozy Garden Suite Full Amenities @Downtown Albany,44434571,Earl,,SECOND WARD,42.64535,-73.75365,Entire home/apt,53,1,603,2025-02-23,7.97,10,344,64,
1146241260871564965,Larson Green,233515764,Etem,,SIXTH WARD,42.6524924,-73.7674361,Entire home/apt,85,1,48,2025-02-23,4.80,4,82,48,
938431811499141903,The little room with TV and twin bed,116935236,Fs,,THIRTEENTH WARD,42.66974,-73.78611,Private room,40,2,30,2025-02-27,1.53,4,333,19,
52863776,Washington Parkside 1 Bedroom In 1800s Brownstone!,355777684,Lloyd,,SIXTH WARD,42.65826,-73.76944,Entire home/apt,110,1,194,2025-02-15,4.76,3,315,48,
816085193659797849,Cozy Apartment across the Park,37769478,Erion,,SIXTH WARD,42.65258,-73.76917,Entire home/apt,84,1,33,2025-02-14,1.31,11,364,7,
28722270,‚úçHistoric Loft Suite @ Downtown Albany,44434571,Earl,,SECOND WARD,42.64535,-73.75365,Entire home/apt,68,1,676,2025-02-16,8.86,10,344,61,
1111221935683053416,Historical Pastures,418250661,Stephanie,,THIRD WARD,42.6564469,-73.7507251,Entire home/apt,104,5,7,2024-10-01,0.61,1,321,7,
1191466513839284968,Shanawaz family home,478739541,Shanawaz,,EIGHTH WARD,42.65777,-73.8177,Private room,81,1,2,2024-07-19,0.26,1,364,2,
980034348801186320,Chic Madison Parkview,241123402,JShing,,SIXTH WARD,42.65312775001394,-73.76950465142727,Entire home/apt,91,1,22,2025-02-22,1.30,1,326,17,
1233366548908684664,Larson Gold,233515764,Etem,,SIXTH WARD,42.65173,-73.76786,Entire home/apt,74,1,36,2025-02-27,6.17,4,66,36,
33558235,"Historic, Spacious & Fun 2BR Apt @ Downtown Albany",44434571,Earl,,SECOND WARD,42.64585,-73.75297,Entire home/apt,87,1,441,2025-02-14,6.17,10,350,46,
16531782,On a little park in Albany pine hills. (Blue),5691268,Elizabeth,,FOURTEENTH WARD,42.66075,-73.80605,Entire home/apt,60,1,481,2025-02-09,8.29,2,286,129,
39864828,Stunning Bungalo-style Loft in downtown Albany,10313615,Matthew,,FOURTH WARD,42.66091,-73.74285,Entire home/apt,176,1,230,2025-02-10,3.68,1,254,7,
1230257693323535013,Chic Garden Apt Center Square | King Bed & Laundry,106636448,Daniel,,SIXTH WARD,42.65507161089614,-73.76475094677727,Entire home/apt,111,1,17,2025-02-13,6.14,1,237,17,
1209313814437527365,"private queen room near AMC, UAlbany",20536619,Emily,,THIRTEENTH WARD,42.67318,-73.79345,Private room,71,4,2,2024-10-27,0.41,5,89,2,
1284151940120079993,Spacious 4-Bedroom Home with Modern Amenities,653956114,Michael,,TENTH WARD,42.66203830172302,-73.78922093804118,Entire home/apt,129,2,2,2025-02-04,1.50,1,156,2,
735879623743921266,Modern & Homey 1BD/1BA Fl 1 Apt @ Downtown Albany,44434571,Earl,,THIRD WARD,42.64564,-73.75261,Entire home/apt,74,1,69,2025-02-22,2.42,10,345,35,
999161887055542119,Apartment Downtown Albany,531209536,Amar,,THIRD WARD,42.65762,-73.75116,Entire home/apt,83,1,32,2024-12-29,1.91,1,164,24,
35914565,The Poker Room ‚ô§ Downtown Albany,232967878,Diana,,SECOND WARD,42.64506,-73.75727,Entire home/apt,114,1,303,2025-01-26,4.40,23,87,42,
1171795874799450911,Walk to convention center:Lark St:Capital,232967878,Diana,,SIXTH WARD,42.65314,-73.7653,Entire home/apt,128,1,31,2025-02-09,3.48,23,78,31,
1040624808363695229,Safe - Sweet -Serene - Long Term,42708277,Rodney,,SIXTH WARD,42.65447,-73.76078,Entire home/apt,91,1,44,2025-02-16,3.09,6,28,34,
786316043239579100,Elegant newly renovated cozy smart apartment,253824490,Tomar,,FIFTH WARD,42.6591503133547,-73.75431932508945,Entire home/apt,121,2,36,2024-09-09,1.42,1,362,5,
14989805,/Miller Colonial\ 1946 SUNY Eagle Hill 5Bed 2Baths,4259750,Peter,,FIFTEENTH WARD,42.673512,-73.819679,Entire home/apt,161,1,109,2025-01-12,1.08,8,360,24,
26139592,Garden Apartment in Ctr. Square: Monthly Discounts,6833937,Farah,,SIXTH WARD,42.65403,-73.76325,Entire home/apt,80,2,131,2025-02-13,1.64,1,301,23,
826301775871257033,2 br apt 2 min walk to albanymed offstreet parking,484673863,Michaela,,NINTH WARD,42.65613,-73.77469,Entire home/apt,101,1,24,2025-02-16,0.97,3,349,7,
1237963668912797614,Tasteful‚Ä¶in more ways than one!,382970529,Thomas,,SIXTH WARD,42.655070571714035,-73.76151133328676,Entire home/apt,118,1,21,2025-02-16,3.87,12,160,21,
1184656403266667138,NEW studio w/2 beds near MVP,232967878,Diana,,SECOND WARD,42.64409,-73.75709,Entire home/apt,145,1,13,2024-12-29,1.57,23,88,13,
43208391,Historic Downtown Albany Apartment,272907816,Angela,,SECOND WARD,42.64453,-73.75426,Entire home/apt,132,2,104,2024-11-10,1.93,4,89,24,
743600140734706394,Cozy apartment 2min walk to Albanymed office space,484673863,Michaela,,NINTH WARD,42.65569,-73.77685,Entire home/apt,88,2,13,2025-02-27,0.49,3,356,8,
1268205616603776750,Central Location 1 Bed 1 Bath With Parking,270608641,Enkelejda,,SIXTH WARD,42.65137969505171,-73.76947069212083,Entire home/apt,99,1,8,2025-03-01,1.98,1,360,8,
1229287611382413342,The Crimson Retreat,562084689,Antonio,,TENTH WARD,42.66095,-73.77813,Entire home/apt,118,1,13,2025-01-30,2.31,3,361,13,
52152157,"Modern space, everything you could want!",152762198,Allen,,FIRST WARD,42.63066,-73.77357,Entire home/apt,96,3,66,2025-03-01,1.58,9,163,18,
1079742757364810916,Lark St Oasis: Parking & Laundry,119340359,Lori,,SIXTH WARD,42.655307,-73.76449439999999,Entire home/apt,154,2,7,2025-02-06,0.55,2,50,4,
1288603902798375521,Washington Lofts 304 Spacious 1 Bedroom 1 Bath,358619880,Properties By Preston,,THIRD WARD,42.65735001723258,-73.76321831042932,Entire home/apt,102,31,2,2024-12-07,0.65,5,365,2,
1182574461437954732,Limited Time Listing,42708277,Rodney,,SIXTH WARD,42.6534205,-73.7639758,Entire home/apt,83,1,19,2025-02-13,2.26,6,59,19,
34330970,Muhammed Ali Lounge & Pool Hall ‚¨¢‚¨°,232967878,Diana,,SECOND WARD,42.64335,-73.7579,Entire home/apt,124,1,309,2025-02-15,4.42,23,85,58,
51461480,üçÉChic & Cozy Near Washington Park Garden Suite,416799784,,,TENTH WARD,42.65969,-73.77564,Entire home/apt,99,7,26,2025-01-24,0.64,1,174,5,
667644674529935702,Pied-a-terre albany,439560254,Sean,,SIXTH WARD,42.65541380925019,-73.76367520540953,Entire home/apt,106,2,95,2025-02-09,3.01,1,76,30,
44265426,Parkside Queen 1 Bedroom (1800's) Brownstone!,355777684,Lloyd,,SIXTH WARD,42.66006,-73.76966,Entire home/apt,126,1,297,2025-01-18,5.32,3,335,16,
1224184445857718550,White Cozy Room,522436003,Adriana,,THIRTEENTH WARD,42.66859,-73.78832,Private room,55,28,1,2024-10-04,0.20,3,334,1,
1328247359330291677,The Whisky House,666182267,Tyler,,SIXTH WARD,42.65015,-73.76337,Entire home/apt,170,2,3,2025-02-27,3,1,341,3,
1102984130027939637,Lovely 1 bedroom across the Park,37769478,Erion,,SIXTH WARD,42.65289,-73.76834,Entire home/apt,93,1,44,2025-02-21,3.69,11,362,44,
724566770267420045,Cozy Greenwood Flat (1 BDR Apartment in Albany),360287870,Mela,,SIXTH WARD,42.6513719,-73.7673156,Entire home/apt,116,2,58,2025-02-27,3.18,1,306,37,
752118894541630543,Cozy luxury brownstone w/ parking & yard,258664571,Vorakij,,SECOND WARD,42.64439384900326,-73.75975701534425,Entire home/apt,125,2,79,2025-02-05,3.22,2,327,43,
1350872245042831459,Capital City Escape,10279606,Nori,,FIFTEENTH WARD,42.67003713546928,-73.82302715231661,Entire home/apt,129,1,3,2025-02-23,3,3,334,3,
51960331,"Tuscan Garden Apt at Caf√© Capriccio Albany, NY",418024477,Marlene,,SECOND WARD,42.64684,-73.75614,Entire home/apt,100,1,109,2025-02-27,2.59,1,168,30,
1135812630237897119,Cozy Bedrooms in Albany,522436003,Adriana,,THIRTEENTH WARD,42.6689614,-73.7890379,Private room,49,28,0,,,3,239,0,
1123231471304541808,"Modern townhouse 2 Bedrooms, King Bed, parking",10279606,Nori,,FIFTEENTH WARD,42.66901,-73.82402,Entire home/apt,116,1,40,2025-02-16,3.76,3,286,40,
1005978346817864540,Massive 4BD/3BA 2-Fl Townhouse Apt Downtown Albany,44434571,Earl,,SECOND WARD,42.64534889999999,-73.75364650000002,Entire home/apt,193,1,49,2025-01-26,2.99,10,336,38,
46894493,Our Antique Bungalow,69789449,Dan,,NINTH WARD,42.65311,-73.78525,Entire home/apt,171,1,249,2025-02-28,5.03,1,100,48,
723956857052424266,"Modern home, King Bed 4 bed 2bath, Crib, parking",10279606,Nori,,NINTH WARD,42.65691,-73.78389,Entire home/apt,164,1,213,2025-02-11,7.63,3,197,91,
692807914756117019,Relax in Style by Washington Park - Free Parking,67337944,Rabia,,ELEVENTH WARD,42.6623,-73.777,Entire home/apt,104,1,104,2025-02-23,3.92,1,157,35,
1173390858101803102,New near major medical facility,232967878,Diana,,SEVENTH WARD,42.64442,-73.77938,Entire home/apt,213,2,15,2025-01-06,1.99,23,86,15,
1189245100874558445,Beautiful 2 Bedroom with Parking,37769478,Erion,,SIXTH WARD,42.65333,-73.7711,Entire home/apt,112,1,16,2025-02-17,2.89,11,323,16,
1018972187574908115,1 Comfy Bedroom Across the Park,37769478,Erion,,SIXTH WARD,42.6535,-73.77046,Entire home/apt,65,1,56,2025-02-16,3.57,11,350,45,
788301415655396660,Spacious 2 bed w/parking,232967878,Diana,,SECOND WARD,42.64409,-73.75709,Entire home/apt,128,1,63,2024-11-09,2.39,23,87,22,
752337379205662422,Penthouse Brownstone w/ luxury amenities,258664571,Vorakij,,SECOND WARD,42.6444412,-73.75971410000001,Entire home/apt,113,1,81,2025-01-27,3.54,2,349,53,
10768745,Alb hospital area studio bath wifi. (Red),5691268,Elizabeth,,FOURTEENTH WARD,42.66078,-73.80553,Entire home/apt,47,1,761,2025-02-28,6.89,2,134,130,
9005989,"Studio in The heart of Center SQ, in Albany NY",17766924,Sugey,,SIXTH WARD,42.65559,-73.76506,Entire home/apt,85,1,610,2025-02-09,5.85,1,351,29,
1131258472427093335,"Modern 2 BR near MVP Arena, Colleges, Airport",440509865,John,,FIFTEENTH WARD,42.674853495878494,-73.81692445092622,Entire home/apt,142,1,29,2025-02-20,4.24,1,327,29,
770934454668024322,Albany 2 Bedroom House,48328222,John,,FOURTEENTH WARD,42.6631926,-73.8153245,Entire home/apt,122,1,8,2025-02-23,1.68,1,33,8,
631035244220396236,‚òÖPRIVATE 1 BDRM Newly Renovated Apt W/D Patio‚òÖ,47625981,Linda,,SECOND WARD,42.64558,-73.75928,Entire home/apt,98,1,55,2025-01-17,1.64,18,352,15,
52837196,‚òÖMODERN 1BR Apt w/ PRIVATE deck! W/D‚òÖ,47625981,Linda,,FOURTH WARD,42.65812,-73.74837,Entire home/apt,104,1,72,2025-01-22,1.76,18,301,11,
1061814091773376272,Massive 5BD/4BA 3-Story Duplex @ Downtown Albany,44434571,Earl,,SECOND WARD,42.64418,-73.75316,Entire home/apt,299,1,16,2025-02-09,1.28,10,333,15,
857981934159027424,Updated Historic Brownstone Apt.,60293220,David,,THIRD WARD,42.65817,-73.74935,Entire home/apt,84,2,19,2024-11-11,0.88,3,340,8,
21392315,The Blair Suite,98744672,Bela,,NINTH WARD,42.65372,-73.78244,Entire home/apt,55,2,126,2024-11-18,1.42,8,300,14,
610090811367811938,COZY rental near hospitals! Off street parking,40548251,Reyana,,NINTH WARD,42.652049,-73.7949665,Entire home/apt,101,1,68,2025-02-16,2.43,1,336,35,
50171851,Beautiful Center Square Garden-Level Unit,48490017,Todd,,SIXTH WARD,42.65157,-73.76546,Entire home/apt,77,2,180,2025-02-27,4.17,1,40,36,
1265342374507338537,Stylish studio - downtown Albany,564967431,Stephanie,,SIXTH WARD,42.65004675077063,-73.76402178164355,Entire home/apt,68,2,6,2025-03-01,1.42,2,216,6,
52611613,* Adorable home w/parking near great restaurants *,232967878,Diana,,NINTH WARD,42.65674,-73.79221,Entire home/apt,148,2,129,2025-02-09,3.14,23,232,28,
628163387057233327,‚òÖSPACIOUS 1BR Apt w/ Character 10ft Ceilings W/D!‚òÖ,47625981,Linda,,SECOND WARD,42.64528,-73.75861,Entire home/apt,99,1,53,2025-02-01,1.59,18,297,16,
751421033442627559,Modern- Cozy Center City 2 Bedroom Apartment Style,486073806,Keneisha,,FIFTH WARD,42.66648,-73.76831,Entire home/apt,110,2,27,2025-02-16,1.09,1,357,13,
43459803,Luxury 1 bedroom Apt in the heart of Center Square,299638115,Flerida,,SIXTH WARD,42.65556,-73.76205,Entire home/apt,132,3,18,2025-02-24,0.37,3,355,3,
761141715827746314,"Great place in the heart of Albany, with Parking",37769478,Erion,,SIXTH WARD,42.65405,-73.76953,Entire home/apt,89,1,44,2024-09-28,1.64,11,299,20,
1358581858384454275,Two bedroom apartment in Albany near Hospitals,32379616,Fabiola,,THIRD WARD,42.66526304906058,-73.76716070107956,Entire home/apt,78,28,0,,,3,350,0,
42763847,Charming dog friendly home with private yard!,649068,Anthony,,FIRST WARD,42.63876,-73.78535,Entire home/apt,102,1,107,2025-02-14,1.81,1,136,15,
29605579,Funky Urban 1 Bedroom Apt w/ Parking in Center Sq,19648678,Terra,,SIXTH WARD,42.65235,-73.76714,Entire home/apt,89,2,100,2025-02-27,1.30,4,330,12,
21752534,"NEW LISTING! Modern, completely updated, LOCATION!",152762198,Allen,,TENTH WARD,42.66045,-73.77833,Entire home/apt,71,3,175,2025-01-26,1.98,9,354,19,
1119691401020641385,Serene 1BR Escape: Walk to Eateries & Parks in ALB,472965048,Corey,,SIXTH WARD,42.65348,-73.7637,Entire home/apt,81,1,11,2025-02-28,1.00,2,170,11,
938280419686165005,Historic Carriage House  in Washington Park,526358730,Argus,,TENTH WARD,42.66036,-73.7729,Entire home/apt,326,1,16,2025-01-01,0.84,12,318,10,
1007354086435981132,Top floor w/off street parking,232967878,Diana,,TENTH WARD,42.66091,-73.78453,Entire home/apt,189,1,34,2025-01-04,2.11,23,88,25,
51592836,Lovely 1 Bedroom Unit In Historic Brownstone!,60293220,David,,THIRD WARD,42.65844,-73.74978,Entire home/apt,89,2,88,2025-01-01,2.13,3,356,19,
54150131,Charming 170-Year-Old Home in the Heart of Albany,432936385,Jared,,SIXTH WARD,42.65143,-73.76497,Entire home/apt,149,1,204,2025-02-27,5.67,1,291,86,
47902629,"Renovated 2br/2ba, close to Alb Med & St. Petes.",21886921,David,,THIRTEENTH WARD,42.66744,-73.79216,Entire home/apt,112,14,8,2024-12-05,0.17,2,296,1,
43955950,* Quaint home located in residential neighborhood*,232967878,Diana,,EIGHTH WARD,42.64383,-73.78926,Entire home/apt,248,2,91,2024-11-30,1.60,23,52,23,
831122937768017113,Boho-Chic Cape Conveniently Located,210596861,Craig,,FIFTEENTH WARD,42.67076,-73.82612,Entire home/apt,206,2,91,2025-02-23,3.78,1,218,42,
47828453,Holidays in Center Square Albany 2BR Apt w/Parking,299638115,Flerida,,THIRD WARD,42.656,-73.76123,Entire home/apt,115,3,20,2025-01-18,0.40,3,365,4,
1223982811498688622,"Apartment w/ Deck in Albany, Walk to Downtown!",121680792,Evolve,,SIXTH WARD,42.65679,-73.76334,Entire home/apt,96,2,13,2025-01-05,2.01,6,341,13,
47345872,Bright large 1 bdr loft in Center Sq -free parking,19648678,Terra,,SIXTH WARD,42.65345,-73.76663,Entire home/apt,93,1,59,2024-12-23,1.19,4,356,18,
51710034,Empire Plaza View I,392074908,Jerry,,SIXTH WARD,42.65269,-73.76076,Entire home/apt,93,2,38,2024-10-24,0.89,3,359,5,
750748704706045644,Clean Escape- Centrally located- Self Check-In,255839958,Kira,,SEVENTH WARD,42.64284,-73.77997,Entire home/apt,106,1,17,2024-08-06,0.62,1,252,5,
1164651175585600815,*Private Entrance* Cozy Apt Bright + Modern W/D,47625981,Linda,,SEVENTH WARD,42.64727,-73.76758,Entire home/apt,107,1,10,2024-11-16,1.22,18,354,10,
787023821243442039,*The Allen House* Gorgeous Apartment - Sleeps 8,349460842,Scott,,FOURTEENTH WARD,42.6653,-73.7943,Entire home/apt,187,1,98,2025-01-20,4.00,17,340,46,
51964868,Center Square,392074908,Jerry,,SIXTH WARD,42.65442,-73.7611,Entire home/apt,93,2,52,2023-10-15,1.23,3,357,0,
757978037279611051,Charming location near universities & hospital,232967878,Diana,,THIRTEENTH WARD,42.67261,-73.79262,Entire home/apt,127,2,45,2025-02-10,1.83,23,89,20,
1020993107237604444,*Beautiful* Spacious Prime DT 1 Bedroom Apt w GYM,47625981,Linda,,THIRD WARD,42.6586,-73.76421,Entire home/apt,107,1,18,2025-01-29,1.17,18,262,17,
1259604917138801047,In Town Convenient Studio | Washington Park Albany,18490980,Jeremy,,SIXTH WARD,42.65584,-73.76565,Entire home/apt,74,28,4,2025-02-10,0.85,2,179,4,
1128332989288304495,Downtown Albany Vacation Rental - Chic & Walkable!,121680792,Evolve,,THIRD WARD,42.65694,-73.75449,Entire home/apt,106,2,3,2024-07-28,0.34,6,119,3,
39093517,Center Square Safe 2 Bedroom Long  Stay w/ Parking,299638115,Flerida,,SIXTH WARD,42.65507,-73.76138,Entire home/apt,122,3,41,2024-08-24,0.64,3,358,4,
905007131419044966,*The Red House* 4 Bedrooms‚Ä¢Beautifully Renovated,349460842,Scott,,TENTH WARD,42.66217,-73.78299,Entire home/apt,220,1,59,2024-12-29,2.96,17,323,39,
1090781013234004527,Newly renovated cozy apartment !,521669673,Kody,,THIRD WARD,42.65975,-73.76311,Entire home/apt,68,14,1,2024-11-24,0.30,4,268,1,
3820211,Restored Precinct in Center Sq. w/Parking,19648678,Terra,,SIXTH WARD,42.65222,-73.76724,Entire home/apt,102,2,307,2025-01-09,2.39,4,332,14,
882229561343619620,Modern / Downtown Albany 1 BR APT,512736975,Miguelino,,TENTH WARD,42.6599733,-73.7747433,Entire home/apt,66,2,61,2025-02-15,2.79,1,88,26,
47408047,"Quiet cozy apartment, private laundry, great spot!",152762198,Allen,,FOURTEENTH WARD,42.67156,-73.80883,Entire home/apt,98,3,64,2025-01-24,1.30,9,364,23,
54369240,Lovely 1 bedroom rental close to Alb Med!,152762198,Allen,,TENTH WARD,42.65905,-73.77964,Entire home/apt,77,3,50,2025-01-25,1.48,9,356,12,
588298411730694861,Modern one bedroom with free off street parking,353498132,Michael,,SECOND WARD,42.64441,-73.75647,Entire home/apt,118,13,13,2024-11-09,0.40,6,333,3,
705660262559003663,Luxurious one bedroom with off-street parking,353498132,Michael,,SECOND WARD,42.64577,-73.7583,Entire home/apt,109,13,7,2025-01-20,0.26,6,301,4,
20633175,"Garden Apartment, on the Park, close to Capital.",65414985,James,,SEVENTH WARD,42.64939,-73.76865,Entire home/apt,116,2,131,2024-05-12,1.55,2,332,1,
48052353,*The Rustic Home* 3 Bedroom Second Floor Apartment,349460842,Scott,,TENTH WARD,42.66261,-73.78332,Entire home/apt,159,1,159,2025-01-19,3.23,17,356,13,
11253948,/Fire Place Bungalow\ 1917 SUNY Eagle 6Beds 2Baths,4259750,Peter,,FIFTEENTH WARD,42.67567,-73.82438,Entire home/apt,202,1,177,2025-02-03,1.66,8,334,31,
619695112394148331,Modern luxury one bedroom with off street parking,353498132,Michael,,SECOND WARD,42.64489,-73.75731,Entire home/apt,143,13,10,2024-08-01,0.31,6,208,4,
47943571,Downtown Albany 1 Bed + Workstation @ Maiden Lane,385664127,Dillon,,THIRD WARD,42.65118,-73.75274,Entire home/apt,91,2,161,2025-02-19,3.27,2,240,29,
1325491259534107672,Walk to Washington Park: Remote Work-Ready Apt!,121680792,Evolve,,SIXTH WARD,42.65481,-73.77287,Entire home/apt,101,2,0,,,6,357,0,
1018268869882592471,Spacious Townhouse Walking Distance from Downtown,528617680,Paola,,SECOND WARD,42.6459,-73.75828,Entire home/apt,102,1,1,2025-01-23,0.77,2,167,1,
904392960639597224,/Luxury Modern Western Hideout\,4259750,Peter,,THIRTEENTH WARD,42.6652959,-73.7868778,Entire home/apt,122,1,18,2024-12-08,0.86,8,172,10,
989010058281318863,Modern 1BR in a great location,75667477,Ahmad,,THIRD WARD,42.65515515851637,-73.76052582647431,Entire home/apt,77,30,6,2025-01-18,0.35,1,184,4,
654302747324294105,‚òÖ Private 1 bdrm w/ backyard access ‚òÖ In-unit W/D,47625981,Linda,,FOURTH WARD,42.65752,-73.74743,Entire home/apt,104,1,51,2024-12-01,1.60,18,286,14,
958199983873241221,Oasis Garden Apt w/Queen Bed,172539578,David Yisrael,,FIFTEENTH WARD,42.678962799458816,-73.81724461913109,Entire home/apt,116,3,19,2024-12-17,1.23,3,147,18,
803604897479679272,3br/2ba Near Alb Med & St.Petes.,21886921,David,,FOURTEENTH WARD,42.66691,-73.79338,Entire home/apt,125,14,3,2024-11-09,0.14,2,295,2,
1298625208863760034,Mid-century Cozy Retreat W/D,47625981,Linda,,SEVENTH WARD,42.64882383528059,-73.7666466200598,Entire home/apt,107,1,1,2024-12-08,0.35,18,358,1,
879054943124868639,Hot tub + close to everything!,24423279,Leslie,,FOURTEENTH WARD,42.66065,-73.80439,Entire home/apt,165,7,0,,,1,263,0,
1252258297385952172,staycation CAP region,38324986,Gregory,,EIGHTH WARD,42.64548739100758,-73.7896032151887,Entire home/apt,215,3,0,,,1,356,0,
658638185191740358,CHEERFULL 3 BEDROOM HOME WITH FREE PARKING.,466389096,Patrice,,FIRST WARD,42.6374547,-73.7716647,Entire home/apt,126,5,5,2023-09-22,0.16,2,359,0,
618673322156725003,"Huge loft with a king bed, balcony and park views",2554853,Nim,,SIXTH WARD,42.655479431152344,-73.76625061035156,Entire home/apt,135,5,7,2024-07-27,0.25,1,267,1,
1073179963201889958,In the heart of Albany,31994990,Gonca,,SEVENTH WARD,42.64473,-73.77641,Entire home/apt,53,20,2,2024-09-02,0.28,2,71,2,
20620135,/Red Warhol Ranch\ 1959 SUNY Eagle Hill 4beds1Bath,4259750,Peter,,FIFTEENTH WARD,42.675,-73.82382,Entire home/apt,421,1,71,2025-02-07,0.79,8,361,16,
992119832780871644,Two bedroom close to colleges!,152762198,Allen,,FOURTEENTH WARD,42.67098,-73.80695,Entire home/apt,96,3,15,2024-10-28,0.88,9,179,11,
48124042,Downtown Albany 2 Bedroom + Workstation @ The Mark,385664127,Dillon,,THIRD WARD,42.64982,-73.7509,Entire home/apt,98,1,211,2025-02-10,4.86,2,127,39,
1258922176307142144,Cozy Boho 1BR Near Albany Med & St Peter Hospitals,18490980,Jeremy,,SIXTH WARD,42.65337803678852,-73.7728707580915,Entire home/apt,83,2,6,2024-12-30,1.26,2,177,6,
1120212616553191970,1BR Near NYS Capitol & Empire Plaza | Downtown,472965048,Corey,,SIXTH WARD,42.65194,-73.76526,Entire home/apt,85,1,23,2025-02-09,2.05,2,171,23,
1328401906195927790,Top of The Capital,392074908,Jerry,,SIXTH WARD,42.65262,-73.76134,Entire home/apt,103,2,0,,,3,356,0,
1043565517982254841,2 bed room Apartment,212885959,Osas,,SECOND WARD,42.63976,-73.75705,Entire home/apt,83,1,18,2024-10-28,1.40,1,164,14,
1124632058968031818,Modern Duplex - Historical Home,46312980,Robert,,SECOND WARD,42.646032,-73.760482,Entire home/apt,94,3,4,2024-08-24,0.37,2,231,4,
662132809952482192,Beautiful 4 bedroom house Large eat in kitchen,466389096,Patrice,,FIRST WARD,42.6378819,-73.7715269,Entire home/apt,125,7,2,2024-08-12,0.06,2,273,1,
898743867240851780,"Airy 5Br-2Ba,Kids Rm, 6TVs,Pvt Fence-yard&Parking!",516414095,Rashawn,,TENTH WARD,42.66087,-73.78655,Entire home/apt,237,2,49,2025-01-26,2.36,1,74,19,
50354540,Heart of Center Square: Designer 2-Bed Retreat,188679144,Elizabeth,,SIXTH WARD,42.65333,-73.76402,Entire home/apt,101,3,14,2024-08-25,0.31,8,346,5,
1052381112116173923,Charming Bungalow in Albany!,52464523,Dashima,,FIRST WARD,42.64081,-73.77463,Entire home/apt,114,30,7,2025-01-01,0.49,1,120,6,
757342235277207834,Elegant Studio in Center Square,188679144,Elizabeth,,SIXTH WARD,42.65534,-73.76461,Entire home/apt,63,7,13,2024-12-05,0.47,8,335,3,
1234376912864523021,Spacious Garden Apt in Center Square,564967431,Stephanie,,SIXTH WARD,42.65046806904435,-73.7643479581064,Entire home/apt,82,2,2,2024-10-28,0.44,2,286,2,
620480926228934988,"Lovely renovated, 2-bedroom home with free parking",457678547,Najeem Adegbemiga,,SEVENTH WARD,42.640217,-73.780815,Entire home/apt,133,2,16,2024-07-22,0.52,1,89,4,
48470454,"/ New Giant Victorian \ 7beds 6 baths + 2x 85"" TVs",4259750,Peter,,THIRTEENTH WARD,42.66526412963867,-73.78692626953125,Entire home/apt,660,2,42,2024-12-01,1.32,8,331,12,
43736299,*The Blue House* Incredible 3 Bedroom Apartment,349460842,Scott,,TENTH WARD,42.66257,-73.78281,Entire home/apt,180,1,131,2024-10-28,2.31,17,11,21,
1196459023545165129,Albany Vacation Rental w/ State Capitol Views!,121680792,Evolve,,SIXTH WARD,42.65521,-73.76497,Entire home/apt,215,5,0,,,6,364,0,
52619545,* Centrally located Eclectic vibe 2 bed w/parking,232967878,Diana,,THIRTEENTH WARD,42.67102,-73.79454,Entire home/apt,106,2,84,2024-12-26,2.03,23,89,14,
42009788,Center Square Sanctuary: Private 2-Bedroom Gem,188679144,Elizabeth,,SIXTH WARD,42.65315,-73.76202,Entire home/apt,88,7,24,2024-12-24,0.39,8,365,2,
1090800410444414860,Work hard and relax !,521669673,Kody,,THIRD WARD,42.65874,-73.76302,Entire home/apt,68,14,0,,,4,268,0,
983306819910081094,The House That Pat Built,114183978,Tyrell,,FIFTH WARD,42.66628,-73.76512,Entire home/apt,90,2,4,2024-04-18,0.24,1,87,2,
932618854176539492,Cozy space all on 1 floor close to U Albany,232967878,Diana,,THIRTEENTH WARD,42.67261,-73.79264,Entire home/apt,132,1,40,2024-12-01,2.01,23,88,33,
1128386510439836615,Welcome home travelers,502037254,Andrew,,SEVENTH WARD,42.64893,-73.76886,Entire home/apt,75,25,2,2024-08-03,0.24,3,239,2,
36443605,Sophisticated Retreat: 2BR in heart of Albany,188679144,Elizabeth,,THIRTEENTH WARD,42.66619,-73.79031,Entire home/apt,92,2,54,2024-08-14,0.79,8,365,2,
921076441920995839,Work hard! Play hard!,521669673,Kody,,THIRD WARD,42.6586,-73.75743,Entire home/apt,72,14,3,2024-12-21,0.16,4,240,1,
42391372,Central Albany Apartment: Walk to State Capitol!,121680792,Evolve,,SECOND WARD,42.6469,-73.75761,Entire home/apt,178,3,27,2022-10-27,0.47,6,294,0,
841524433909352403,Cozy Cove Away From Home,462042479,Natasha,,SIXTH WARD,42.65987,-73.77025,Entire home/apt,120,3,12,2023-12-03,0.59,2,360,0,
1121699903906738345,Cozy apartment in Albany,1761578,Grant,,SIXTH WARD,42.65314,-73.76546,Entire home/apt,90,2,5,2024-10-28,0.46,3,262,5,
803682039097862541,Modern and Cozy Pine Hills Home from Early 1900s,265709295,Richard & Priscela,,THIRTEENTH WARD,42.6702921,-73.7907283,Entire home/apt,135,1,10,2025-02-17,0.87,2,329,10,
786228331433922432,Glamorous 1BR Retreat in Center Square,188679144,Elizabeth,,SIXTH WARD,42.65322,-73.76249,Entire home/apt,93,7,4,2024-11-09,0.23,8,356,1,
1023053182224590019,Great home in Albany,496990578,Brian,,ELEVENTH WARD,42.66838,-73.77868,Entire home/apt,112,2,75,2025-02-23,4.93,1,73,62,
40491172,"Renovated, private parking,location, washer dryer!",152762198,Allen,,THIRTEENTH WARD,42.66827,-73.79231,Entire home/apt,92,3,123,2025-02-07,1.93,9,344,21,
39698576,Spacious Designer 1-Bed Near Albany Med,188679144,Elizabeth,,NINTH WARD,42.65483,-73.78033,Entire home/apt,78,5,23,2023-09-22,0.35,8,365,0,
1288604092723663347,Washington Lofts 310 Spacious 1 Bedroom 1 Bath,358619880,Properties By Preston,,SIXTH WARD,42.65678,-73.76367,Entire home/apt,72,31,0,,,5,171,0,
54097694,B Unieke,438504176,Roland,,SECOND WARD,42.64683,-73.75662,Entire home/apt,300,1,0,,,1,364,0,
809524698302742033,Two bedroom apartment near hospitals pet friendly,172658781,Jessica,,NINTH WARD,42.65613971519499,-73.79212237894535,Entire home/apt,85,30,0,,,2,178,0,
1034722814589239236,"*Huge, bright, private 2Bedroom*",130404008,Michael,,THIRD WARD,42.65711,-73.75133,Entire home/apt,92,14,2,2024-09-01,0.28,1,89,2,
786181179052991690,Center Square Gem: Junior 1 Bedroom,188679144,Elizabeth,,THIRD WARD,42.65653,-73.76223,Entire home/apt,70,1,3,2024-01-27,0.16,8,364,0,
1288603840617378795,Washington Lofts 303 Spacious 1 Bedroom 1 Bath,358619880,Properties By Preston,,THIRD WARD,42.657972465126825,-73.76464632915632,Entire home/apt,62,31,0,,,5,283,0,
795541666227926706,Victorian Mansion on Washington Park,493882819,Terra,,NINTH WARD,42.656329,-73.7752048,Entire home/apt,800,1,5,2024-08-18,0.26,6,250,4,
41319631,Modern Carriage in the Heart of Albany,59864591,Daniel,,SIXTH WARD,42.65115,-73.7668,Entire home/apt,97,30,4,2023-01-06,0.08,1,243,0,
27692601,Albany Cozy home with fireplaces and Sunroom,202580880,Rosanne,,EIGHTH WARD,42.64514,-73.80668,Entire home/apt,250,3,14,2022-10-08,0.18,1,170,0,
843481456379840308,Center Square Serenity: 2-Bedroom Elegance,188679144,Elizabeth,,SIXTH WARD,42.65483,-73.76353,Entire home/apt,91,1,2,2023-09-04,0.08,8,364,0,
733964865705013296,Historic 1 bed/ 1 bath,502037254,Andrew,,SIXTH WARD,42.65035,-73.76549,Entire home/apt,68,14,1,2023-03-26,0.04,3,213,0,
54126420,Beautiful 1 bedroom in a quiet residential area.,37769478,Erion,,TENTH WARD,42.66261,-73.79026,Entire home/apt,82,1,100,2025-02-21,3.02,11,359,33,
1303756679339915039,Stylish Downtown Loft ‚Äì Near to MVP | Pets Allowed,433096110,Brian,,THIRD WARD,42.64857778672964,-73.75282604419031,Entire home/apt,98,1,4,2025-02-27,1.97,4,142,4,
51503537,Walk to Everything Downtown Albany! Luxury Apt!,394420519,All Seasons,,THIRD WARD,42.65061,-73.75006,Entire home/apt,100,4,9,2024-09-09,0.21,1,179,2,
937917144482762419,Hudson 3 ADA at The Argus Hotel,526358730,Argus,,TENTH WARD,42.65908,-73.77456,Private room,161,1,7,2025-02-11,0.37,12,300,3,
559249822516788574,Cozy 1 bedroom with office and luxurious King size,433884293,Uniah,,NINTH WARD,42.66062,-73.79112,Entire home/apt,68,6,2,2023-06-26,0.07,1,363,0,
1300644516303671513,Hope On The Hill,341431807,Rakee,,FIRST WARD,42.6310402282283,-73.77196507981581,Entire home/apt,104,1,4,2025-02-16,1.48,1,344,4,
1288604046621507922,Washington Lofts 109 Spacious 1 Bedroom 1 Bath,358619880,Properties By Preston,,THIRD WARD,42.65537054523247,-73.76089577263407,Entire home/apt,90,31,1,2024-12-01,0.33,5,262,1,
1288603783171108127,Washington Lofts 109 Spacious 1 Bedroom 1 Bath,358619880,Properties By Preston,,THIRD WARD,42.65769853839876,-73.76265861973056,Entire home/apt,67,31,2,2025-02-16,1.30,5,365,2,
1312449079141263102,COZY  house,667142820,Sylvain Marco,,FIFTEENTH WARD,42.6694592,-73.8269249,Entire home/apt,250,30,0,,,1,364,0,
1273861365984558378,Short term across from UAlbany,658588120,Melinda,,TWELFTH WARD,42.686850591818136,-73.81405551801146,Entire home/apt,60,28,0,,,1,267,0,
1350831900774924999,Cozy Home in Heart of Albany,677372979,Celia,,TWELFTH WARD,42.68507834404223,-73.79764015056868,Entire home/apt,129,2,0,,,1,200,0,
744430701454304507,"1 Bedroom on Lincoln Park, near Lark and Downtown",65414985,James,,SEVENTH WARD,42.6496,-73.76792,Entire home/apt,77,2,27,2025-02-16,1.18,2,332,18,
21449583,/zBig Blue Ranch\ 1962 SUNY Eagle Hill 4Beds 2Bath,4259750,Peter,,FIFTEENTH WARD,42.67547,-73.82402,Entire home/apt,582,4,8,2018-07-27,0.09,8,365,0,
